{"train_loss": [0.0007323726890201713, 0.000357924853361808, 0.0002662277716726807, 0.00022851598537204204, 0.00020530792618169384, 0.00018911739007152113, 0.00017508149689894915, 0.0001670984261133041, 0.00015943037354091568, 0.00015475506248506364, 0.0001455685683929221, 0.0001424974260785338, 0.0001381600091719142, 0.00013448243410297186, 0.00013169776199728787, 0.00012733816264342873, 0.00012621401181047605, 0.00012154584310707698, 0.00011897170896782849, 0.00011545694528902798, 0.0001146167327751599, 0.00011332362758773831, 0.00011000048046861451, 0.0001101804080928357, 0.00010903268026026792, 0.00010750527098934981, 0.00010639389031600021, 0.00010356294717561317, 0.000103120843882013, 0.00010222208298315344, 0.0001022984343457039, 9.935964483680842e-05, 9.873834073768557e-05, 0.00010003386302023364, 9.739250220709768e-05, 9.56862384124876e-05, 9.520114605716282e-05, 9.494357996303212e-05, 9.516546993949484e-05, 9.317612232869352e-05, 9.250678604893762e-05, 9.137069303348246e-05, 9.09793830266571e-05, 9.016200611501188e-05, 9.089451872456086e-05, 9.022590277142512e-05, 8.72687667922623e-05, 8.856260291740014e-05, 8.665511613487422e-05, 8.797449587637999e-05, 8.652679608926236e-05, 8.602236043508056e-05, 8.672898869201155e-05, 8.709489767935831e-05, 6.71734766995676e-05, 6.658351808849243e-05, 6.616908043280798e-05, 6.526165783700129e-05, 6.486499223605594e-05, 6.493570806854142e-05, 6.410588363956481e-05, 6.33948937074995e-05, 6.347321279689272e-05, 6.290399890743542e-05, 6.284663617050808e-05, 6.250581620992797e-05, 6.224991664896046e-05, 6.172393870473312e-05, 6.178873809890621e-05, 6.133067134066786e-05, 6.0668698227772396e-05, 6.084811364726621e-05, 6.0346676100010105e-05, 6.052154699162833e-05, 6.010235668325421e-05, 5.962008570708353e-05, 6.0130043051611784e-05, 5.974378596169881e-05, 5.978001022471508e-05, 5.988871133517572e-05, 5.8647530414560895e-05, 5.8597604303231995e-05, 5.874326644677904e-05, 5.910664321196602e-05, 5.822505078324475e-05, 5.850685174157893e-05, 5.7754824899778424e-05, 5.768379662518934e-05, 5.7862994151564906e-05, 5.7184922240440604e-05, 5.7779354657414436e-05, 5.7309261708186565e-05, 5.730646014316329e-05, 5.721072135178751e-05, 5.616475685218822e-05, 5.617722730407419e-05, 5.7122901498159e-05, 5.646492611401827e-05, 4.836763540357537e-05, 4.8237676720190815e-05], "val_loss": [0.00044727413031388257, 0.0003142758443721269, 0.0002310704191685734, 0.00020540837579338493, 0.00022083815278889756, 0.00019342622482761287, 0.0001780614281865061, 0.00016404866366090035, 0.00015615501537783434, 0.0001527281702776306, 0.00014828557090274642, 0.0001524377800396477, 0.0001695252135768059, 0.0001379895084203526, 0.00013244269654487322, 0.00013980569343301477, 0.0001280243159739183, 0.00012317121231318222, 0.00011492734879646172, 0.00011079423805895437, 0.00013310846836201207, 0.00010754220031768461, 0.00010859907646633573, 0.00012609982259865208, 9.369182866129015e-05, 0.00015328383039308181, 0.0001060502723134716, 9.990875193679319e-05, 0.00010420045993583501, 0.0001093886885720348, 0.00011032374922051025, 9.471924238928869e-05, 0.00011035919861302898, 0.00011690999393085142, 8.982466034044893e-05, 9.590361311389094e-05, 8.385745676034814e-05, 9.22837397054661e-05, 9.907068467992023e-05, 0.00010432007166218487, 0.00010241831534285881, 9.549358310907699e-05, 8.329922043785954e-05, 0.0001039649860707697, 8.670841660446535e-05, 0.00013114469689808135, 8.607173317000599e-05, 9.57053556473805e-05, 8.63916733699409e-05, 8.650153791498268e-05, 0.00010461023274645343, 9.276699105655197e-05, 9.491894338943057e-05, 9.120596843603122e-05, 7.096860146149868e-05, 7.145114621894492e-05, 6.394951589863845e-05, 7.308593373638488e-05, 7.168600445542094e-05, 6.978212057675656e-05, 6.323213925084964e-05, 6.786923950909596e-05, 6.612962535004768e-05, 6.104119984618833e-05, 6.130755958070069e-05, 6.234397554178812e-05, 6.552390874564405e-05, 6.685822854725678e-05, 6.521848614163207e-05, 6.65468110527374e-05, 5.9273554217152605e-05, 6.131428470976247e-05, 6.398670849063392e-05, 6.522890290968833e-05, 5.838245506038415e-05, 6.606297456353132e-05, 5.984314502984294e-05, 7.012333551316314e-05, 6.0098431173637104e-05, 5.8165449233088374e-05, 6.306134439947241e-05, 6.594649632882035e-05, 6.388518704235807e-05, 6.366564881762518e-05, 5.8306089538344973e-05, 5.7389121171947925e-05, 5.697392957826365e-05, 5.7541394837567586e-05, 5.907266595444744e-05, 6.120037209144178e-05, 6.279884325368435e-05, 6.30259809590718e-05, 5.8856186224069775e-05, 5.7464392063556544e-05, 5.721482529180093e-05, 5.998130617913171e-05, 5.894703647752848e-05, 6.967734500707344e-05, 4.9629892349702216e-05, 4.956903793066987e-05], "best_val_loss": 4.956903793066987e-05, "best_epoch": 99}