{"train_loss": [0.0024270028755185268, 0.00010055052232220703, 6.192648126579693e-05, 4.3816866403927804e-05, 3.3887012196126165e-05, 2.7774286447782966e-05, 2.3725794396237848e-05, 2.1167072278552507e-05, 1.8821443964810083e-05, 1.741309086814558e-05, 1.5901005912043023e-05, 1.4866843400429783e-05, 1.3559657568385283e-05, 1.2829958674979764e-05, 1.2039183436831296e-05, 1.1311342683622036e-05, 1.0745372725928773e-05, 1.0422490106209368e-05, 9.781868669340285e-06, 9.17176829294894e-06, 9.073115122512639e-06, 8.816193467521051e-06, 8.356130825596112e-06, 8.127445544390216e-06, 8.047975478112206e-06, 7.606105169650777e-06, 7.611451978004276e-06, 7.3257577891053365e-06, 7.355510794660332e-06, 6.962882034028571e-06, 6.9640368326655124e-06, 6.774946282524062e-06, 6.587028393763375e-06, 6.43486234360413e-06, 6.316461798721583e-06, 6.206811857600643e-06, 6.0325857215303585e-06, 5.988515906471712e-06, 5.869137745738602e-06, 5.809533509632529e-06, 5.793593087127179e-06, 5.799919472543951e-06, 5.641204069840552e-06, 5.320716870610171e-06, 5.647138834269042e-06, 5.396063621257485e-06, 5.427321033637321e-06, 5.29314565598392e-06, 5.104778450593782e-06, 5.155911821615986e-06, 5.1473962464125976e-06, 5.0206933457995465e-06, 4.798088068665136e-06, 4.926160928941597e-06, 4.724240401821526e-06, 4.766789419461522e-06, 4.7721475152447266e-06, 4.635503990120138e-06, 4.5448878776973295e-06, 2.9291151262028683e-06, 2.89440201289375e-06, 2.8031655678105705e-06, 2.7915420560422373e-06, 2.8090412883836953e-06, 2.6882861918783216e-06, 2.6756483906637768e-06, 2.6734919077371756e-06, 2.6429388925159424e-06, 2.6016767454861057e-06, 2.6346874807241165e-06, 2.653489102251497e-06, 2.5484503511869366e-06, 2.577851411868465e-06, 2.6071976814834815e-06, 2.5775185835591693e-06, 2.492365661904855e-06, 2.503486076491679e-06, 2.588766724096385e-06, 1.8714413929749447e-06, 1.83584082163755e-06, 1.8245660151650928e-06, 1.8140562230252755e-06, 1.7972003075696617e-06, 1.79027146820545e-06, 1.7724910707891342e-06, 1.7897821921047754e-06, 1.7612388279994882e-06, 1.7485199770631158e-06, 1.734747051623572e-06, 1.725484614379237e-06, 1.7334585613748963e-06, 1.7220879097094761e-06, 1.7183903945607094e-06, 1.7133931106027075e-06, 1.6875352640507199e-06, 1.7070994600680569e-06, 1.6786855994168966e-06, 1.6930785296999068e-06, 1.706072233207668e-06, 1.6702805733684183e-06], "val_loss": [0.00016148415516060627, 7.49167742719638e-05, 6.292108441682688e-05, 4.2872678253412044e-05, 3.051652407273287e-05, 3.0781002490797494e-05, 2.359236734725241e-05, 2.4575414264842066e-05, 2.095104057302097e-05, 1.5347100360390985e-05, 1.4405580892898646e-05, 1.493044885687921e-05, 1.1858477055214882e-05, 1.1351790567465994e-05, 1.3432045743906712e-05, 1.300468714984959e-05, 9.073692820330456e-06, 1.1273091531416996e-05, 7.932832038298771e-06, 1.0163257084805366e-05, 8.333868249960479e-06, 7.523238488631426e-06, 7.046517128311117e-06, 1.4454487030880282e-05, 9.874097280332377e-06, 1.0715731077684103e-05, 8.478113277250506e-06, 9.538051971087643e-06, 1.3514444030959699e-05, 5.9778659920943504e-06, 6.311178199029834e-06, 9.2649448690891e-06, 6.918882067643769e-06, 7.0202580051702184e-06, 6.579360046088879e-06, 6.6510539700637835e-06, 1.2166307346341257e-05, 7.331901851505858e-06, 6.8669102470667765e-06, 6.329412503911131e-06, 5.625458456566775e-06, 7.0144628881509425e-06, 4.711875411509621e-06, 6.265308461469516e-06, 5.51982524524185e-06, 5.714811148635103e-06, 7.54226425845447e-06, 4.452916761086971e-06, 5.175665509798959e-06, 4.865447458873772e-06, 5.460621697811361e-06, 5.905043604422267e-06, 5.451322251190847e-06, 4.7023601923152975e-06, 5.343330460800079e-06, 8.726757851076056e-06, 5.661372899054384e-06, 5.647889625253382e-06, 4.88032152622842e-06, 5.17404667784649e-06, 5.755252283705e-06, 4.057266845417129e-06, 4.150470947992394e-06, 4.11173756945376e-06, 4.94300100321158e-06, 4.9856888784221715e-06, 3.8259787661545875e-06, 4.8121321387519895e-06, 3.918962308882828e-06, 1.3676264915782412e-05, 4.106814377679948e-06, 4.032058682610937e-06, 4.077118051445485e-06, 5.366357201158231e-06, 4.50673143557567e-06, 4.308226480283014e-06, 3.95714724727065e-06, 4.074835657645437e-06, 3.5781151810470366e-06, 3.7306978566005662e-06, 3.6456767814540296e-06, 3.8493927764830595e-06, 3.6363654897809132e-06, 3.76452238225456e-06, 3.636470626159486e-06, 3.52881391855901e-06, 3.6414198670671762e-06, 3.5044776243542302e-06, 3.6842139852774554e-06, 3.715923114241471e-06, 3.3403736597981897e-06, 3.497404083497342e-06, 3.275737885913787e-06, 3.4799422548061396e-06, 3.7898980512699707e-06, 3.3669437731877137e-06, 3.4752765325785366e-06, 3.3855906265610983e-06, 3.9063370922479795e-06, 3.6139168158956056e-06], "best_val_loss": 3.275737885913787e-06, "best_epoch": 92}